,category,batch
GSM1401790,Normal,study2
GSM1401791,Normal,study2
GSM1401792,Normal,study2
GSM1401793,Normal,study2
GSM1401794,Normal,study2
GSM1401795,Normal,study2
GSM1401796,Normal,study2
GSM1401797,Normal,study2
GSM1401798,Normal,study2
GSM1401799,Normal,study2
GSM1401800,Normal,study2
GSM1401801,Normal,study2
GSM1401802,Normal,study2
GSM1401803,Normal,study2
GSM1401804,Normal,study2
GSM1401805,Normal,study2
GSM1401806,Normal,study2
GSM1401807,Normal,study2
GSM1401808,Normal,study2
GSM1401809,Normal,study2
GSM1401810,Normal,study2
GSM1401811,Normal,study2
GSM1401812,Normal,study2
GSM1401813,Normal,study2
GSM1401814,Normal,study2
GSM1401815,Normal,study2
GSM1401676,ER+,study2
GSM1401677,ER+,study2
GSM1401678,ER+,study2
GSM1401679,ER+,study2
GSM1401680,ER+,study2
GSM1401681,ER+,study2
GSM1401682,ER+,study2
GSM1401683,ER+,study2
GSM1401684,ER+,study2
GSM1401685,ER+,study2
GSM1401686,ER+,study2
GSM1401687,ER+,study2
GSM1401688,ER+,study2
GSM1401689,ER+,study2
GSM1401690,ER+,study2
GSM1401691,ER+,study2
GSM1401692,ER+,study2
GSM1401693,ER+,study2
GSM1401694,ER+,study2
GSM1401695,ER+,study2
GSM1401696,ER+,study2
GSM1401697,ER+,study2
GSM1401698,ER+,study2
GSM1401699,ER+,study2
GSM1401700,ER+,study2
GSM1401701,ER+,study2
GSM1401702,ER+,study2
GSM1401703,ER+,study2
GSM1401704,ER+,study2
GSM1401705,ER+,study2
GSM1401706,ER+,study2
GSM1401707,ER+,study2
GSM1401708,ER+,study2
GSM1401709,ER+,study2
GSM1401710,ER+,study2
GSM1401711,ER+,study2
GSM1401712,ER+,study2
GSM1401713,ER+,study2
GSM1401714,ER+,study2
GSM1401715,ER+,study2
GSM1401716,ER+,study2
GSM1401717,ER+,study2
GSM1261016,TNBC,study1
GSM1261017,TNBC,study1
GSM1261018,TNBC,study1
GSM1261019,TNBC,study1
GSM1261020,TNBC,study1
GSM1261021,TNBC,study1
GSM1401718,TNBC,study2
GSM1401719,TNBC,study2
GSM1401720,TNBC,study2
GSM1401721,TNBC,study2
GSM1401722,TNBC,study2
GSM1401723,TNBC,study2
GSM1401724,TNBC,study2
GSM1401725,TNBC,study2
GSM1401726,TNBC,study2
GSM1401727,TNBC,study2
GSM1401728,TNBC,study2
GSM1401729,TNBC,study2
GSM1401730,TNBC,study2
GSM1401731,TNBC,study2
GSM1401732,TNBC,study2
GSM1401733,TNBC,study2
GSM1401734,TNBC,study2
GSM1401735,TNBC,study2
GSM1401736,TNBC,study2
GSM1401737,TNBC,study2
GSM1401738,TNBC,study2
GSM1401739,TNBC,study2
GSM1401740,TNBC,study2
GSM1401741,TNBC,study2
GSM1401742,TNBC,study2
GSM1401743,TNBC,study2
GSM1401744,TNBC,study2
GSM1401745,TNBC,study2
GSM1401746,TNBC,study2
GSM1401747,TNBC,study2
GSM1401748,TNBC,study2
GSM1401749,TNBC,study2
GSM1401750,TNBC,study2
GSM1401751,TNBC,study2
GSM1401752,TNBC,study2
GSM1401753,TNBC,study2
GSM1401754,TNBC,study2
GSM1401755,TNBC,study2
GSM1401756,TNBC,study2
GSM1401757,TNBC,study2
GSM1401758,TNBC,study2
GSM1401759,TNBC,study2
GSM1261028,HER2+,study1
GSM1261029,HER2+,study1
GSM1261030,HER2+,study1
GSM1261031,HER2+,study1
GSM1261032,HER2+,study1
GSM7784474,HER2+,study3
GSM7784478,HER2+,study3
GSM7784479,HER2+,study3
GSM7784481,HER2+,study3
GSM7784482,HER2+,study3
GSM7784484,HER2+,study3
GSM7784491,HER2+,study3
GSM7784493,HER2+,study3
GSM7784494,HER2+,study3
GSM7784499,HER2+,study3
GSM7784500,HER2+,study3
GSM7784501,HER2+,study3
GSM7784502,HER2+,study3
GSM7784506,HER2+,study3
GSM7784507,HER2+,study3
GSM7784508,HER2+,study3
GSM7784509,HER2+,study3
GSM7784511,HER2+,study3
GSM7784512,HER2+,study3
GSM7784514,HER2+,study3
GSM7784515,HER2+,study3
GSM7784519,HER2+,study3
GSM7784520,HER2+,study3
GSM7784524,HER2+,study3
GSM7784527,HER2+,study3
GSM7784528,HER2+,study3
GSM7784531,HER2+,study3
GSM7784532,HER2+,study3
GSM7784533,HER2+,study3
GSM7784535,HER2+,study3
GSM7784537,HER2+,study3
GSM7784538,HER2+,study3
GSM7784539,HER2+,study3
GSM7784540,HER2+,study3
GSM7784541,HER2+,study3
GSM7784546,HER2+,study3
GSM7784547,HER2+,study3
GSM7784551,HER2+,study3
GSM7784552,HER2+,study3
GSM7784553,HER2+,study3
GSM7784554,HER2+,study3
GSM7784559,HER2+,study3
GSM7784560,HER2+,study3
GSM7784561,HER2+,study3
GSM7784562,HER2+,study3
GSM7784563,HER2+,study3
GSM7784564,HER2+,study3
GSM7784565,HER2+,study3
GSM7784566,HER2+,study3
GSM7784568,HER2+,study3
GSM7784569,HER2+,study3
GSM7784570,HER2+,study3
GSM7784571,HER2+,study3
GSM7784572,HER2+,study3
GSM7784573,HER2+,study3
GSM7784575,HER2+,study3
GSM7784576,HER2+,study3
GSM7784577,HER2+,study3
GSM7784578,HER2+,study3
GSM7784579,HER2+,study3
GSM7784580,HER2+,study3
GSM7784581,HER2+,study3
GSM7784583,HER2+,study3
GSM7784584,HER2+,study3
GSM7784586,HER2+,study3
GSM7784587,HER2+,study3
GSM7784590,HER2+,study3
GSM7784591,HER2+,study3
GSM7784593,HER2+,study3
GSM7784594,HER2+,study3
GSM7784596,HER2+,study3
GSM7784597,HER2+,study3
GSM7784598,HER2+,study3
GSM7784602,HER2+,study3
GSM7784610,HER2+,study3
GSM7784611,HER2+,study3
GSM7784612,HER2+,study3
GSM7784616,HER2+,study3
GSM7784617,HER2+,study3
GSM7784619,HER2+,study3
GSM7784625,HER2+,study3
GSM7784630,HER2+,study3
GSM7784631,HER2+,study3
GSM7784632,HER2+,study3
GSM7784633,HER2+,study3
GSM7784634,HER2+,study3
GSM7784635,HER2+,study3
GSM7784637,HER2+,study3
GSM7784638,HER2+,study3
GSM7784639,HER2+,study3
GSM7784640,HER2+,study3
GSM7784641,HER2+,study3
GSM7784645,HER2+,study3
GSM7784648,HER2+,study3
GSM7784649,HER2+,study3
GSM7784650,HER2+,study3
GSM7784656,HER2+,study3
GSM7784658,HER2+,study3
GSM7784659,HER2+,study3
GSM7784663,HER2+,study3
GSM7784665,HER2+,study3
GSM7784666,HER2+,study3
GSM7784669,HER2+,study3
GSM7784671,HER2+,study3
GSM7784674,HER2+,study3
GSM7784676,HER2+,study3
GSM7784677,HER2+,study3
GSM7784678,HER2+,study3
GSM7784680,HER2+,study3
GSM7784682,HER2+,study3
GSM7784683,HER2+,study3
GSM7784685,HER2+,study3
GSM7784686,HER2+,study3
GSM7784689,HER2+,study3
GSM7784690,HER2+,study3
GSM7784696,HER2+,study3
GSM7784706,HER2+,study3
GSM7784707,HER2+,study3
GSM7784709,HER2+,study3
GSM7784710,HER2+,study3
GSM7784711,HER2+,study3
GSM7784712,HER2+,study3
GSM7784713,HER2+,study3
GSM7784715,HER2+,study3
GSM7784717,HER2+,study3
GSM7784718,HER2+,study3
GSM7784719,HER2+,study3
GSM7784721,HER2+,study3
GSM7784722,HER2+,study3
GSM7784723,HER2+,study3
GSM7784724,HER2+,study3
GSM7784725,HER2+,study3
GSM7784726,HER2+,study3
GSM7784727,HER2+,study3
GSM7784728,HER2+,study3
GSM7784730,HER2+,study3
GSM7784731,HER2+,study3
GSM7784733,HER2+,study3
GSM7784734,HER2+,study3
GSM7784735,HER2+,study3
GSM7784736,HER2+,study3
GSM7784737,HER2+,study3
GSM7784738,HER2+,study3
GSM7784742,HER2+,study3
GSM7784743,HER2+,study3
GSM7784744,HER2+,study3
GSM7784745,HER2+,study3
GSM7784747,HER2+,study3
GSM7784748,HER2+,study3
GSM7784749,HER2+,study3
GSM7784750,HER2+,study3
GSM7784752,HER2+,study3
GSM7784753,HER2+,study3
GSM7784754,HER2+,study3
GSM7784755,HER2+,study3
GSM7784756,HER2+,study3
GSM7784757,HER2+,study3
GSM7784758,HER2+,study3
